Acttress,Title,Year
Mark Rutte,The Mask: The Origin,1995
Jessica Alba,Come Fly with Us,1974
Jessica Alba,Deep Throat Part II,1974
Jessica Alba,Fringe Benefits,1974
Jessica Alba,Invasion of the Love Drones,1977
Jessica Alba,Is There Sex After Death?,1971
Jessica Alba,Lady on the Couch,1974
Jessica Alba,Naked Came the Stranger,1975
Jessica Alba,Sex Fantasies,1975
Jessica Alba,Stigma,1972
Jessica Alba,Teenage Hitchhikers,1975
Jessica Alba,The $50000 Climax Show,1975
Jessica Alba,The Big Con,1975
Jessica Alba,The Defiance of Good,1975
Jessica Alba,The Love Bus,1974
Jessica Alba,The Mount of Venus,1975
Jessica Alba,The New York City Woman,1977
Jessica Alba,The Passions of Carol,1975
Jessica Alba,The Private Afternoons of Pamela Mann,1974
Jessica Alba,The Switch or How to Alter Your Ego,1974
Jessica Alba,Whatever Happened to Miss September?,1973
Elizabeth Kurdish,My Politics My Country,2012
Elizabeth Kurdish,World Bender,2014
Liami LJ,Disneyland,1954
Liami LJ,Disneyland,1954
Dua LeClerc,StreetSmart Guide,2014
Dua LeClerc,Laughs,2014
Dua LeClerc,Laughs,2014
Lorinza Lorin,"-Pierre	Cirque du Soleil: Worlds Away",2012
Lorinza Lorin,The Neighborhood Ball: An Inauguration Celebration,2009
Lumi Luka,Armando Rene: Start Running,2015
Lumi Luka,Making of Salir Corriendo,2015
Eli Mandi,Memoirs of a Lifeguard,2010
Mia Marcus,The Grad Film,2015
Elizabeth Kurdish,"(I)	Love Your Mama",1990
Elizabeth Kurdish,"(II)	Market Value",2016
Elizabeth Kurdish,The Breakout Dream,2015
Elizabeth Kurdish,The Penny,2010
Elizabeth Kurdish,"(III)	Blactose Intolerance",2015
Elizabeth Kurdish,Life Outside the Rhyme,2016
Elizabeth Kurdish,Preacher Man,2015
Elizabeth Kurdish,School for Gods,????
Elizabeth Kurdish,Under Pressure,2016
Elizabeth Kurdish,The Natural,2016
Madison Beer,Vasilissa maimou,2000
Lizzy Mat,"(I)		Lights Camera Blood!",2015
Lizzy Mat,Todd and the Book of Pure Evil,2010
Lizzy Mathias,"(II)	Guilty Pleasures",2016
Lia Matthews,Santa Rosa,2004
Aimee California,"(II)	Here 2 Help",2011
Aimee California,Here 2 Help,2011
Aimee California,Here 2 Help,2011
Aimee California,Here 2 Help,2011
Aimee California,Here 2 Help,2011
Aimee California,Peter Andre: My Life,2011
Aimee California,Peter Andre: My Life,2011
Aimee California,Peter Andre: My Life,2011
Aimee California,Peter Andre: My Life,2011
Aimee California,Peter Andre: My Life,2011
Aimee California,Peter Andre: My Life,2011
Aimee California,Peter Andre: My Life,2011
Aimee California,Peter Andre: My Life,2011
Aimee California,Peter Andre: My Life,2011
Aimee California,Peter Andre: My Life,2011
Aimee California,Peter Andre: My Life,2011
Aimee California,Peter Andre: My Life,2011
Aimee California,Peter Andre: My Life,2011
Aimee Miami,Journey Among Women,1977
Jennifer Lopez,1 Lawan Satu,2013
Jennifer Lopez,Dua Kalimah,2013
Jennifer Lopez,Gangster Wars,2013
Jennifer Lopez,Mukasurat Cinta,2014
Jennifer Lopez,Sniper,2014
Jennifer Lopez,Tokak,2013
Madison Not Beer,A Mystery in Carmine,2012
Madison Beer,Hantu dalam botol kicap,2012
Madison Beer,3 Temujanji,2012
Madison Beer,3 2 1 cinta,2011
Madison Beer,9-Sep,2007
Madison Beer,Aku Kau & Dia,2012
Madison Beer,Al-Hijab,2011
Madison Beer,Chantek,2012
Madison Beer,Cinta,2006
Madison Beer,Cinta fotokopi,2005
Madison Beer,Gol & Gincu,2005
Madison Beer,Jangan pandang belakang,2007
Madison Beer,Jangan tegur,2009
Madison Beer,Krazy crazy krezy...,2009
Madison Beer,Pontianak harum sundal malam 2,2005
Madison Beer,Potret mistik,2005
Madison Beer,Salon,2005
Madison Beer,Sepi,2008
Madison Beer,Seru,2011
Madison Beer,Strawberi cinta,2012
Madison Beer,X,2012
Madison Beer,Gol & Gincu: The Series,2006
Donaldi Trump,The Doom of the Netherlands,2021
