Title,Year,Genre
The Mask: The Origin,1995,Science Fiction
Come Fly with Us,1974,Science Fiction
Deep Throat Part II,1974,Science Fiction
Fringe Benefits,1974,Science Fiction
Invasion of the Love Drones,1977,Science Fiction
Is There Sex After Death?,1971,Science Fiction
Lady on the Couch,1974,Science Fiction
Naked Came the Stranger,1975,Science Fiction
Sex Fantasies,1975,Science Fiction
Stigma,1972,Science Fiction
Teenage Hitchhikers,1975,Science Fiction
The $50000 Climax Show,1975,Science Fiction
The Big Con,1975,Science Fiction
The Defiance of Good,1975,Science Fiction
The Love Bus,1974,Science Fiction
The Mount of Venus,1975,Science Fiction
The New York City Woman,1977,Science Fiction
The Passions of Carol,1975,Science Fiction
The Private Afternoons of Pamela Mann,1974,Science Fiction
The Switch or How to Alter Your Ego,1974,Science Fiction
Whatever Happened to Miss September?,1973,Science Fiction
My Politics My Country,2012,Science Fiction
World Bender,2014,Science Fiction
Disneyland,1954,Science Fiction
StreetSmart Guide,2014,Science Fiction
Laughs,2014,Science Fiction
"-Pierre	Cirque du Soleil: Worlds Away",2012,Science Fiction
The Neighborhood Ball: An Inauguration Celebration,2009,Science Fiction
Armando Rene: Start Running,2015,Science Fiction
Making of Salir Corriendo,2015,Science Fiction
Memoirs of a Lifeguard,2010,Science Fiction
The Grad Film,2015,Science Fiction
"(I)	Love Your Mama",1990,Science Fiction
"(II)	Market Value",2016,Science Fiction
The Breakout Dream,2015,Science Fiction
The Penny,2010,Science Fiction
"(III)	Blactose Intolerance",2015,Science Fiction
Life Outside the Rhyme,2016,Science Fiction
Preacher Man,2015,Science Fiction
School for Gods,????,Science Fiction
Under Pressure,2016,Science Fiction
The Natural,2016,Science Fiction
Vasilissa maimou,2000,Science Fiction
"(I)		Lights Camera Blood!",2015,Science Fiction
Todd and the Book of Pure Evil,2010,Science Fiction
"(II)	Guilty Pleasures",2016,Science Fiction
Santa Rosa,2004,Science Fiction
"(II)	Here 2 Help",2011,Science Fiction
Here 2 Help,2011,Science Fiction
Peter Andre: My Life,2011,Science Fiction
Journey Among Women,1977,Science Fiction
1 Lawan Satu,2013,Science Fiction
Dua Kalimah,2013,Science Fiction
Gangster Wars,2013,Science Fiction
Mukasurat Cinta,2014,Science Fiction
Sniper,2014,Science Fiction
Tokak,2013,Science Fiction
A Mystery in Carmine,2012,Science Fiction
Hantu dalam botol kicap,2012,Science Fiction
3 Temujanji,2012,Science Fiction
3 2 1 cinta,2011,Comedy
9-Sep,2007,Comedy
Aku Kau & Dia,2012,Comedy
Al-Hijab,2011,Comedy
Chantek,2012,Comedy
Cinta,2006,Comedy
Cinta fotokopi,2005,Comedy
Gol & Gincu,2005,Comedy
Jangan pandang belakang,2007,Comedy
Jangan tegur,2009,Comedy
Krazy crazy krezy...,2009,Comedy
Pontianak harum sundal malam 2,2005,Comedy
Potret mistik,2005,Comedy
Salon,2005,Comedy
Sepi,2008,Comedy
Seru,2011,Comedy
Strawberi cinta,2012,Comedy
X,2012,Comedy
Gol & Gincu: The Series,2006,Comedy
The Doom of the Netherlands,2021,Documentary
